,course,question,pct_agree_base,n_base,time,pct_agree_clean,n_clean,diff
432,Chemistry 30A,mistakes_are_learning,90.0,20,w10,94.73684210526316,19,4.736842105263165
305,Chemistry 30A,at_least_c,85.0,20,w10,89.47368421052632,19,4.473684210526315
428,Chemistry 30A,challenges_are_growth,80.0,20,w10,84.21052631578947,19,4.2105263157894655
521,Chemistry 14C,contributions_valued,58.22784810126582,79,w3,54.16666666666666,72,-4.061181434599163
690,Chemistry 30A,continuing,75.0,20,w10,78.94736842105263,19,3.94736842105263
25,Chemistry 14B,at_least_c,85.9375,64,w3,89.65517241379311,58,3.7176724137931103
435,Chemistry 30A,seek_help,70.0,20,w10,73.68421052631578,19,3.6842105263157805
694,Chemistry 30A,peers_respect,70.0,20,w10,73.68421052631578,19,3.6842105263157805
22,Chemistry 14B,apply_math,67.1875,64,w3,70.6896551724138,58,3.5021551724137936
80,Chemistry 30A,at_least_c,81.63265306122449,49,w3,85.1063829787234,47,3.4737299174989147
697,Chemistry 30A,work_in_groups,65.0,20,w10,68.42105263157895,19,3.421052631578945
159,Chemistry 14BL,unfamiliar,60.41666666666666,48,w3,57.14285714285714,42,-3.2738095238095184
24,Chemistry 14B,at_least_b,79.6875,64,w3,82.75862068965517,58,3.0711206896551744
429,Chemistry 30A,confident,55.00000000000001,20,w10,57.89473684210527,19,2.89473684210526
306,Chemistry 30A,find_help,55.00000000000001,20,w10,57.89473684210527,19,2.89473684210526
691,Chemistry 30A,contributions_valued,55.00000000000001,20,w10,57.89473684210527,19,2.89473684210526
689,Chemistry 30A,belong,55.00000000000001,20,w10,57.89473684210527,19,2.89473684210526
696,Chemistry 30A,supported_department,55.00000000000001,20,w10,57.89473684210527,19,2.89473684210526
511,Chemistry 14BL,contributions_valued,64.0,50,w3,61.36363636363637,44,-2.636363636363633
693,Chemistry 30A,part_of_community,50.0,20,w10,52.63157894736842,19,2.6315789473684177
436,Chemistry 30A,unfamiliar,50.0,20,w10,52.63157894736842,19,2.6315789473684177
26,Chemistry 14B,find_help,75.0,64,w3,77.58620689655173,58,2.5862068965517295
163,Chemistry 14C,develop_intelligence,94.44444444444444,72,w3,97.01492537313432,67,2.570480928689875
31,Chemistry 14B,understand_study_strats,73.4375,64,w3,75.86206896551724,58,2.4245689655172384
304,Chemistry 30A,asking_questions,45.0,20,w10,47.368421052631575,19,2.368421052631575
516,Chemistry 14BL,supported_department,66.0,50,w3,63.63636363636363,44,-2.363636363636367
3,Chemistry 14A,at_least_c,87.74834437086093,302,w3,90.1060070671378,283,2.3576626962768614
523,Chemistry 14C,part_of_community,75.9493670886076,79,w3,73.61111111111111,72,-2.3382559774964875
42,Chemistry 14BL,understand_study_strats,77.77777777777779,63,w3,80.0,55,2.2222222222222143
512,Chemistry 14BL,instructor_cares,68.0,50,w3,65.9090909090909,44,-2.0909090909090935
82,Chemistry 30A,manage_time,51.02040816326531,49,w3,48.93617021276596,47,-2.0842379504993502
85,Chemistry 30A,succeed,51.02040816326531,49,w3,48.93617021276596,47,-2.0842379504993502
250,Chemistry 14B,asking_questions,46.2962962962963,54,w10,44.230769230769226,52,-2.065527065527071
525,Chemistry 14C,study_buddy,79.74683544303798,79,w3,77.77777777777779,72,-1.9690576652601948
518,Chemistry 14C,be_myself,79.74683544303798,79,w3,77.77777777777779,72,-1.9690576652601948
32,Chemistry 14B,workload,68.75,64,w3,70.6896551724138,58,1.9396551724137936
29,Chemistry 14B,study_habits,68.75,64,w3,70.6896551724138,58,1.9396551724137936
526,Chemistry 14C,supported_department,65.82278481012658,79,w3,63.888888888888886,72,-1.933895921237692
87,Chemistry 30A,workload,55.10204081632652,49,w3,53.191489361702125,47,-1.9105514546243967
311,Chemistry 30A,workload,65.0,20,w10,63.1578947368421,19,-1.8421052631578974
198,Chemistry 30A,seek_help,71.15384615384616,52,w3,69.38775510204081,49,-1.766091051805347
565,Chemistry 30A,study_buddy,57.99999999999999,50,w3,56.25,48,-1.749999999999993
166,Chemistry 14C,motivate,83.33333333333334,72,w3,85.07462686567165,67,1.7412935323383039
168,Chemistry 14C,seek_help,83.33333333333334,72,w3,85.07462686567165,67,1.7412935323383039
193,Chemistry 30A,develop_intelligence,94.23076923076924,52,w3,95.91836734693877,49,1.687598116169525
145,Chemistry 14B,mistakes_are_learning,94.23076923076924,52,w3,95.91836734693877,49,1.687598116169525
566,Chemistry 30A,supported_department,60.0,50,w3,58.333333333333336,48,-1.6666666666666643
200,Chemistry 30A,when_struggle_find_way,73.07692307692307,52,w3,71.42857142857143,49,-1.6483516483516354
196,Chemistry 30A,motivate,73.07692307692307,52,w3,71.42857142857143,49,-1.6483516483516354
162,Chemistry 14C,confident,81.94444444444444,72,w3,83.5820895522388,67,1.6376451077943557
560,Chemistry 30A,continuing,88.0,50,w3,89.58333333333334,48,1.5833333333333428
695,Chemistry 30A,study_buddy,70.0,20,w10,68.42105263157895,19,-1.5789473684210549
688,Chemistry 30A,be_myself,70.0,20,w10,68.42105263157895,19,-1.5789473684210549
194,Chemistry 30A,improve_skills,92.3076923076923,52,w3,93.87755102040816,49,1.569858712715856
515,Chemistry 14BL,study_buddy,78.0,50,w3,79.54545454545455,44,1.5454545454545467
513,Chemistry 14BL,part_of_community,72.0,50,w3,70.45454545454545,44,-1.5454545454545467
185,Chemistry 20A,mistakes_are_learning,94.82758620689656,232,w3,96.34703196347031,219,1.5194457565737594
49,Chemistry 14C,manage_time,67.77777777777779,90,w3,66.26506024096386,83,-1.5127175368139234
254,Chemistry 14B,own_words,61.11111111111112,54,w10,59.61538461538461,52,-1.4957264957265082
255,Chemistry 14B,study_habits,61.11111111111112,54,w10,59.61538461538461,52,-1.4957264957265082
155,Chemistry 14BL,mistakes_are_learning,93.75,48,w3,95.23809523809524,42,1.4880952380952408
77,Chemistry 30A,apply_math,65.3061224489796,49,w3,63.82978723404256,47,-1.4763352149370306
83,Chemistry 30A,own_words,65.3061224489796,49,w3,63.82978723404256,47,-1.4763352149370306
23,Chemistry 14B,asking_questions,35.9375,64,w3,34.48275862068966,58,-1.4547413793103416
144,Chemistry 14B,improve_skills,90.3846153846154,52,w3,91.83673469387756,49,1.4521193092621587
143,Chemistry 14B,develop_intelligence,90.3846153846154,52,w3,91.83673469387756,49,1.4521193092621587
527,Chemistry 14C,work_in_groups,70.88607594936708,79,w3,69.44444444444444,72,-1.4416315049226398
419,Chemistry 20A,confident,84.5303867403315,181,w10,85.96491228070175,171,1.4345255403702595
253,Chemistry 14B,manage_time,62.96296296296296,54,w10,61.53846153846154,52,-1.4245014245014218
257,Chemistry 14B,workload,62.96296296296296,54,w10,61.53846153846154,52,-1.4245014245014218
327,Chemistry 30B,study_habits,72.44444444444444,225,w10,71.02803738317756,214,-1.4164070612668809
192,Chemistry 30A,confident,88.46153846153845,52,w3,89.79591836734694,49,1.3343799058084898
614,Chemistry 14A,peers_respect,78.33333333333333,240,w10,79.65367965367966,231,1.3203463203463315
309,Chemistry 30A,study_habits,75.0,20,w10,73.68421052631578,19,-1.3157894736842195
307,Chemistry 30A,manage_time,75.0,20,w10,73.68421052631578,19,-1.3157894736842195
303,Chemistry 30A,apply_math,75.0,20,w10,73.68421052631578,19,-1.3157894736842195
38,Chemistry 14BL,manage_time,71.42857142857143,63,w3,72.72727272727273,55,1.2987012987013031
197,Chemistry 30A,reflect,78.84615384615384,52,w3,77.55102040816327,49,-1.2951334379905717
28,Chemistry 14B,own_words,37.5,64,w3,36.206896551724135,58,-1.2931034482758648
10,Chemistry 14A,workload,71.8543046357616,302,w3,73.14487632508833,283,1.2905716893267396
449,Chemistry 30B,confident,66.06334841628959,221,w10,64.7887323943662,213,-1.2746160219233786
509,Chemistry 14BL,belong,74.0,50,w3,72.72727272727273,44,-1.2727272727272663
508,Chemistry 14BL,be_myself,76.0,50,w3,77.27272727272727,44,1.2727272727272663
567,Chemistry 30A,work_in_groups,70.0,50,w3,68.75,48,-1.25
562,Chemistry 30A,instructor_cares,80.0,50,w3,81.25,48,1.25
484,Chemistry 14A,peers_respect,77.27272727272727,286,w3,78.51851851851852,270,1.2457912457912528
51,Chemistry 14C,study_habits,71.11111111111111,90,w3,69.87951807228916,83,-1.2315930388219556
522,Chemistry 14C,instructor_cares,87.34177215189874,79,w3,86.11111111111111,72,-1.2306610407876235
249,Chemistry 14B,apply_math,68.51851851851852,54,w10,67.3076923076923,52,-1.2108262108262124
154,Chemistry 14BL,improve_skills,91.66666666666666,48,w3,92.85714285714286,42,1.190476190476204
158,Chemistry 14BL,seek_help,75.0,48,w3,73.80952380952381,42,-1.1904761904761898
541,Chemistry 14D,contributions_valued,63.13559322033898,236,w3,61.94690265486725,226,-1.188690565471731
164,Chemistry 14C,improve_skills,95.83333333333334,72,w3,97.01492537313432,67,1.1815920398009752
191,Chemistry 30A,challenges_are_growth,80.76923076923077,52,w3,79.59183673469387,49,-1.1773940345369027
558,Chemistry 30A,be_myself,78.0,50,w3,79.16666666666666,48,1.1666666666666572
578,Chemistry 30B,be_myself,80.93023255813954,215,w3,82.08955223880598,201,1.1593196806664423
456,Chemistry 30B,unfamiliar,69.23076923076923,221,w10,68.07511737089203,213,-1.1556518598771959
27,Chemistry 14B,manage_time,60.9375,64,w3,62.06896551724138,58,1.1314655172413808
209,Chemistry 30AL,unfamiliar,69.64285714285714,56,w3,68.51851851851852,54,-1.1243386243386198
89,Chemistry 30AL,asking_questions,69.64285714285714,56,w3,68.51851851851852,54,-1.1243386243386198
7,Chemistry 14A,study_habits,74.50331125827815,302,w3,75.61837455830388,283,1.1150633000257386
195,Chemistry 30A,mistakes_are_learning,84.61538461538461,52,w3,85.71428571428571,49,1.098901098901095
37,Chemistry 14BL,find_help,82.53968253968253,63,w3,83.63636363636363,55,1.0966810966810954
505,Chemistry 14B,study_buddy,84.90566037735849,53,w3,86.0,50,1.0943396226415132
487,Chemistry 14A,work_in_groups,80.76923076923077,286,w3,81.85185185185185,270,1.082621082621074
2,Chemistry 14A,at_least_b,89.73509933774835,302,w3,90.81272084805654,283,1.077621510308191
425,Chemistry 20A,seek_help,88.39779005524862,181,w10,89.47368421052632,171,1.0758941552776946
483,Chemistry 14A,part_of_community,86.7132867132867,286,w3,87.77777777777777,270,1.0644910644910652
631,Chemistry 14B,contributions_valued,46.15384615384615,52,w10,45.09803921568628,51,-1.0558069381598756
692,Chemistry 30A,instructor_cares,80.0,20,w10,78.94736842105263,19,-1.05263157894737
4,Chemistry 14A,find_help,89.0728476821192,302,w3,90.1060070671378,283,1.0331593850185925
46,Chemistry 14C,at_least_b,87.77777777777777,90,w3,86.74698795180723,83,-1.030789825970544
416,Chemistry 14D,unfamiliar,66.2962962962963,270,w10,65.2671755725191,262,-1.0291207237772113
179,Chemistry 14D,unfamiliar,65.98360655737704,244,w3,64.95726495726495,234,-1.0263416001120902
630,Chemistry 14B,continuing,48.07692307692308,52,w10,47.05882352941176,51,-1.0180995475113193
549,Chemistry 20A,belong,86.14718614718615,231,w3,87.1559633027523,218,1.0087771555661504
295,Chemistry 20A,asking_questions,78.53107344632768,177,w10,79.53216374269006,171,1.0010902963623778
563,Chemistry 30A,part_of_community,74.0,50,w3,75.0,48,1.0
123,Chemistry 14A,develop_intelligence,97.46376811594205,276,w3,98.46153846153848,260,0.997770345596436
500,Chemistry 14B,continuing,83.01886792452831,53,w3,84.0,50,0.9811320754716917
121,Chemistry 14A,challenges_are_growth,90.94202898550724,276,w3,91.92307692307692,260,0.9810479375696843
369,Chemistry 14B,confident,50.0,52,w10,49.01960784313725,51,-0.9803921568627487
611,Chemistry 14A,contributions_valued,69.58333333333333,240,w10,70.56277056277057,231,0.979437229437238
45,Chemistry 14C,asking_questions,45.55555555555556,90,w3,44.57831325301205,83,-0.9772423025435089
576,Chemistry 30AL,supported_department,75.47169811320755,53,w3,74.50980392156863,51,-0.961894191638919
572,Chemistry 30AL,instructor_cares,75.47169811320755,53,w3,74.50980392156863,51,-0.961894191638919
581,Chemistry 30B,contributions_valued,57.674418604651166,215,w3,56.71641791044776,201,-0.9580006942034061
579,Chemistry 30B,belong,85.11627906976744,215,w3,86.06965174129353,201,0.9533726715260826
636,Chemistry 14B,supported_department,51.92307692307693,52,w10,50.98039215686274,51,-0.9426847662141853
676,Chemistry 14D,supported_department,67.83216783216784,286,w10,66.90647482014388,278,-0.9256930120239559
559,Chemistry 30A,belong,78.0,50,w3,77.08333333333334,48,-0.9166666666666572
424,Chemistry 20A,reflect,85.6353591160221,181,w10,86.54970760233918,171,0.9143484863170812
376,Chemistry 14B,unfamiliar,53.84615384615385,52,w10,52.94117647058824,51,-0.9049773755656076
149,Chemistry 14B,unfamiliar,51.92307692307693,52,w3,51.02040816326531,49,-0.9026687598116183
679,Chemistry 20A,belong,90.12345679012346,162,w10,91.02564102564102,156,0.9021842355175664
153,Chemistry 14BL,develop_intelligence,89.58333333333334,48,w3,90.47619047619048,42,0.8928571428571388
585,Chemistry 30B,study_buddy,84.18604651162791,215,w3,85.07462686567165,201,0.8885803540437394
571,Chemistry 30AL,contributions_valued,77.35849056603774,53,w3,76.47058823529412,51,-0.8879023307436285
323,Chemistry 30B,at_least_c,89.77777777777777,225,w10,90.65420560747664,214,0.8764278296988692
289,Chemistry 14D,manage_time,66.66666666666666,318,w10,65.79804560260585,307,-0.8686210640608039
499,Chemistry 14B,belong,81.13207547169812,53,w3,82.0,50,0.8679245283018844
142,Chemistry 14B,confident,80.76923076923077,52,w3,81.63265306122449,49,0.8634222919937145
95,Chemistry 30AL,study_habits,76.78571428571429,56,w3,75.92592592592592,54,-0.859788359788368
208,Chemistry 30AL,seek_help,76.78571428571429,56,w3,75.92592592592592,54,-0.859788359788368
485,Chemistry 14A,study_buddy,83.21678321678321,286,w3,84.07407407407408,270,0.8572908572908631
102,Chemistry 30B,at_least_c,84.50704225352112,213,w3,85.35353535353535,198,0.8464931000142286
293,Chemistry 14D,workload,67.29559748427673,318,w10,66.44951140065146,307,-0.8460860836252664
671,Chemistry 14D,contributions_valued,58.39160839160839,286,w10,57.55395683453237,278,-0.8376515570760219
43,Chemistry 14BL,workload,68.25396825396825,63,w3,69.0909090909091,55,0.8369408369408404
294,Chemistry 20A,apply_math,90.3954802259887,177,w10,91.2280701754386,171,0.832589949449897
553,Chemistry 20A,part_of_community,83.11688311688312,231,w3,83.94495412844036,218,0.8280710115572418
613,Chemistry 14A,part_of_community,87.91666666666667,240,w10,88.74458874458875,231,0.8279220779220822
213,Chemistry 30B,develop_intelligence,97.2093023255814,215,w3,98.0295566502463,203,0.8202543246649014
423,Chemistry 20A,motivate,83.97790055248619,181,w10,84.7953216374269,171,0.8174210849407046
575,Chemistry 30AL,study_buddy,79.24528301886792,53,w3,78.43137254901961,51,-0.8139104698483095
582,Chemistry 30B,instructor_cares,90.23255813953487,215,w3,91.04477611940298,201,0.8122179798681088
329,Chemistry 30B,workload,75.1111111111111,225,w10,74.29906542056075,214,-0.8120456905503488
375,Chemistry 14B,seek_help,59.61538461538461,52,w10,58.82352941176471,51,-0.7918552036199031
433,Chemistry 30A,motivate,85.0,20,w10,84.21052631578947,19,-0.7894736842105345
308,Chemistry 30A,own_words,85.0,20,w10,84.21052631578947,19,-0.7894736842105345
6,Chemistry 14A,own_words,74.83443708609272,302,w3,75.61837455830388,283,0.7839374722111643
79,Chemistry 30A,at_least_b,81.63265306122449,49,w3,80.85106382978722,47,-0.7815892314372661
54,Chemistry 14C,workload,62.22222222222222,90,w3,61.44578313253012,83,-0.7764390896921043
99,Chemistry 30B,apply_math,83.56807511737088,213,w3,84.34343434343434,198,0.7753592260634576
165,Chemistry 14C,mistakes_are_learning,90.2777777777778,72,w3,91.04477611940298,67,0.7669983416251824
71,Chemistry 20A,manage_time,81.27490039840637,251,w3,80.50847457627118,236,-0.7664258221351901
183,Chemistry 20A,develop_intelligence,97.41379310344828,232,w3,98.17351598173516,219,0.7597228782868797
498,Chemistry 14B,be_myself,79.24528301886792,53,w3,80.0,50,0.7547169811320771
141,Chemistry 14B,challenges_are_growth,78.84615384615384,52,w3,79.59183673469387,49,0.7456828885400313
568,Chemistry 30AL,be_myself,81.13207547169812,53,w3,80.3921568627451,51,-0.739918608953019
59,Chemistry 14D,find_help,89.51612903225806,248,w3,90.2542372881356,236,0.7381082558775347
670,Chemistry 14D,continuing,61.88811188811189,286,w10,61.15107913669065,278,-0.7370327514212391
212,Chemistry 30B,confident,87.44186046511628,215,w3,88.17733990147784,203,0.7354794363615582
211,Chemistry 30B,challenges_are_growth,87.44186046511628,215,w3,88.17733990147784,203,0.7354794363615582
202,Chemistry 30AL,confident,80.35714285714286,56,w3,79.62962962962963,54,-0.7275132275132279
98,Chemistry 30AL,workload,80.35714285714286,56,w3,79.62962962962963,54,-0.7275132275132279
206,Chemistry 30AL,motivate,80.35714285714286,56,w3,79.62962962962963,54,-0.7275132275132279
207,Chemistry 30AL,reflect,80.35714285714286,56,w3,79.62962962962963,54,-0.7275132275132279
510,Chemistry 14BL,continuing,78.0,50,w3,77.27272727272727,44,-0.7272727272727337
583,Chemistry 30B,part_of_community,81.86046511627907,215,w3,82.58706467661692,201,0.7265995603378457
409,Chemistry 14D,confident,76.29629629629629,270,w10,75.57251908396947,262,-0.7237772123268229
422,Chemistry 20A,mistakes_are_learning,92.26519337016576,181,w10,92.98245614035088,171,0.7172627701851155
501,Chemistry 14B,contributions_valued,54.71698113207547,53,w3,54.0,50,-0.7169811320754675
64,Chemistry 14D,understand_study_strats,88.70967741935483,248,w3,89.40677966101694,236,0.6971022416621082
81,Chemistry 30A,find_help,83.6734693877551,49,w3,82.97872340425532,47,-0.6947459834997858
353,Chemistry 14A,motivate,85.14056224899599,249,w10,85.83333333333333,240,0.6927710843373376
486,Chemistry 14A,supported_department,80.41958041958041,286,w3,81.11111111111111,270,0.6915306915307013
427,Chemistry 20A,when_struggle_find_way,91.71270718232044,181,w10,92.39766081871343,171,0.68495363639299
350,Chemistry 14A,develop_intelligence,95.98393574297188,249,w10,96.66666666666669,240,0.6827309236948054
0,Chemistry 14A,apply_math,89.0728476821192,302,w3,89.75265017667844,283,0.6798024945592402
298,Chemistry 20A,manage_time,80.7909604519774,177,w10,80.11695906432749,171,-0.6740013876499091
479,Chemistry 14A,belong,86.36363636363636,286,w3,87.03703703703704,270,0.6734006734006783
73,Chemistry 20A,study_habits,76.09561752988047,251,w3,75.42372881355932,236,-0.6718887163211491
573,Chemistry 30AL,part_of_community,83.01886792452831,53,w3,82.35294117647058,51,-0.6659267480577284
69,Chemistry 20A,at_least_c,90.4382470119522,251,w3,91.10169491525424,236,0.6634479033020426
170,Chemistry 14C,when_struggle_find_way,88.88888888888889,72,w3,89.55223880597015,67,0.6633499170812627
93,Chemistry 30AL,manage_time,82.14285714285714,56,w3,81.48148148148148,54,-0.6613756613756578
478,Chemistry 14A,be_myself,86.01398601398601,286,w3,86.66666666666667,270,0.6526806526806581
520,Chemistry 14C,continuing,92.40506329113924,79,w3,93.05555555555556,72,0.6504922644163145
709,Chemistry 30B,belong,83.73205741626795,209,w10,83.08457711442786,201,-0.6474803018400905
235,Chemistry 14A,manage_time,84.375,256,w10,85.02024291497976,247,0.6452429149797609
252,Chemistry 14B,find_help,83.33333333333334,54,w10,82.6923076923077,52,-0.6410256410256494
233,Chemistry 14A,at_least_c,95.3125,256,w10,95.95141700404858,247,0.6389170040485794
517,Chemistry 14BL,work_in_groups,88.0,50,w3,88.63636363636364,44,0.6363636363636402
124,Chemistry 14A,improve_skills,97.82608695652172,276,w3,98.46153846153848,260,0.6354515050167606
546,Chemistry 14D,supported_department,65.67796610169492,236,w3,65.04424778761062,226,-0.6337183140843052
587,Chemistry 30B,work_in_groups,80.46511627906978,215,w3,81.09452736318407,201,0.6294110841142952
544,Chemistry 14D,peers_respect,75.84745762711864,236,w3,75.22123893805309,226,-0.6262186890655528
413,Chemistry 14D,motivate,79.62962962962963,270,w10,79.00763358778626,262,-0.6219960418433743
291,Chemistry 14D,study_habits,73.58490566037736,318,w10,72.9641693811075,307,-0.6207362792698632
418,Chemistry 20A,challenges_are_growth,90.60773480662984,181,w10,91.2280701754386,171,0.6203353688087674
322,Chemistry 30B,asking_questions,69.77777777777779,225,w10,69.1588785046729,214,-0.618899273104887
716,Chemistry 30B,supported_department,72.24880382775119,209,w10,71.64179104477611,201,-0.607012782975076
39,Chemistry 14BL,own_words,66.66666666666666,63,w3,67.27272727272727,55,0.6060606060606091
640,Chemistry 14BL,continuing,54.03508771929825,285,w10,53.42960288808665,277,-0.6054848312115979
506,Chemistry 14B,supported_department,56.60377358490566,53,w3,56.00000000000001,50,-0.6037735849056531
634,Chemistry 14B,peers_respect,69.23076923076923,52,w10,68.62745098039215,51,-0.6033182503770718
637,Chemistry 14B,work_in_groups,69.23076923076923,52,w10,68.62745098039215,51,-0.6033182503770718
94,Chemistry 30AL,own_words,83.92857142857143,56,w3,83.33333333333334,54,-0.5952380952380878
156,Chemistry 14BL,motivate,79.16666666666666,48,w3,78.57142857142857,42,-0.5952380952380878
157,Chemistry 14BL,reflect,87.5,48,w3,88.09523809523809,42,0.5952380952380878
152,Chemistry 14BL,confident,79.16666666666666,48,w3,78.57142857142857,42,-0.5952380952380878
160,Chemistry 14BL,when_struggle_find_way,79.16666666666666,48,w3,78.57142857142857,42,-0.5952380952380878
92,Chemistry 30AL,find_help,83.92857142857143,56,w3,83.33333333333334,54,-0.5952380952380878
547,Chemistry 14D,work_in_groups,76.69491525423729,236,w3,76.10619469026548,226,-0.5887205639718047
237,Chemistry 14A,study_habits,82.8125,256,w10,83.40080971659918,247,0.5883097165991842
564,Chemistry 30A,peers_respect,64.0,50,w3,64.58333333333334,48,0.5833333333333428
519,Chemistry 14C,belong,79.74683544303798,79,w3,79.16666666666666,72,-0.5801687763713232
717,Chemistry 30B,work_in_groups,77.03349282296651,209,w10,77.61194029850746,201,0.5784474755409548
454,Chemistry 30B,reflect,84.61538461538461,221,w10,84.03755868544602,213,-0.5778259299385979
555,Chemistry 20A,study_buddy,82.68398268398268,231,w3,82.11009174311926,218,-0.5738909408634214
325,Chemistry 30B,manage_time,70.66666666666667,225,w10,70.09345794392523,214,-0.5732087227414411
682,Chemistry 20A,instructor_cares,98.14814814814817,162,w10,98.71794871794872,156,0.5698005698005488
86,Chemistry 30A,understand_study_strats,63.26530612244898,49,w3,63.82978723404256,47,0.5644811115935795
171,Chemistry 14D,challenges_are_growth,86.88524590163934,244,w3,86.32478632478633,234,-0.5604595768530061
103,Chemistry 30B,find_help,87.32394366197182,213,w3,87.87878787878788,198,0.5548442168160506
34,Chemistry 14BL,asking_questions,58.730158730158735,63,w3,58.18181818181818,55,-0.5483405483405548
457,Chemistry 30B,when_struggle_find_way,85.52036199095022,221,w10,84.97652582159625,213,-0.5438361693539662
580,Chemistry 30B,continuing,93.48837209302326,215,w3,94.02985074626866,201,0.5414786532454059
127,Chemistry 14A,reflect,83.69565217391305,276,w3,84.23076923076923,260,0.5351170568561798
502,Chemistry 14B,instructor_cares,75.47169811320755,53,w3,76.0,50,0.5283018867924483
632,Chemistry 14B,instructor_cares,73.07692307692307,52,w10,72.54901960784314,51,-0.5279034690799307
628,Chemistry 14B,be_myself,73.07692307692307,52,w10,72.54901960784314,51,-0.5279034690799307
373,Chemistry 14B,motivate,73.07692307692307,52,w10,72.54901960784314,51,-0.5279034690799307
430,Chemistry 30A,develop_intelligence,90.0,20,w10,89.47368421052632,19,-0.526315789473685
437,Chemistry 30A,when_struggle_find_way,90.0,20,w10,89.47368421052632,19,-0.526315789473685
434,Chemistry 30A,reflect,90.0,20,w10,89.47368421052632,19,-0.526315789473685
310,Chemistry 30A,understand_study_strats,90.0,20,w10,89.47368421052632,19,-0.526315789473685
326,Chemistry 30B,own_words,89.77777777777777,225,w10,89.25233644859813,214,-0.5254413291796425
125,Chemistry 14A,mistakes_are_learning,96.0144927536232,276,w3,96.53846153846152,260,0.523968784838317
41,Chemistry 14BL,succeed,71.42857142857143,63,w3,70.9090909090909,55,-0.5194805194805241
68,Chemistry 20A,at_least_b,94.82071713147413,251,w3,95.33898305084746,236,0.5182659193733343
569,Chemistry 30AL,belong,86.79245283018868,53,w3,86.27450980392157,51,-0.5179430262671048
586,Chemistry 30B,supported_department,71.16279069767441,215,w3,70.64676616915423,201,-0.5160245285201768
551,Chemistry 20A,contributions_valued,60.60606060606061,231,w3,60.09174311926605,218,-0.5143174867945604
126,Chemistry 14A,motivate,83.33333333333334,276,w3,83.84615384615385,260,0.512820512820511
128,Chemistry 14A,seek_help,83.33333333333334,276,w3,83.84615384615385,260,0.512820512820511
107,Chemistry 30B,succeed,73.23943661971832,213,w3,72.72727272727273,198,-0.5121638924455851
714,Chemistry 30B,peers_respect,74.64114832535886,209,w10,74.12935323383084,201,-0.5117950915280147
150,Chemistry 14B,when_struggle_find_way,75.0,52,w3,75.51020408163265,49,0.5102040816326507
147,Chemistry 14B,reflect,75.0,52,w3,75.51020408163265,49,0.5102040816326507
408,Chemistry 14D,challenges_are_growth,83.33333333333334,270,w10,82.82442748091603,262,-0.508905852417314
130,Chemistry 14A,when_struggle_find_way,89.4927536231884,276,w3,90.0,260,0.5072463768115938
62,Chemistry 14D,study_habits,73.38709677419355,248,w3,72.88135593220339,236,-0.5057408419901606
122,Chemistry 14A,confident,95.65217391304348,276,w3,96.15384615384616,260,0.5016722408026766
681,Chemistry 20A,contributions_valued,70.37037037037037,162,w10,69.87179487179486,156,-0.4985754985755051
256,Chemistry 14B,understand_study_strats,87.03703703703704,54,w10,86.53846153846155,52,-0.4985754985754909
5,Chemistry 14A,manage_time,75.82781456953643,302,w3,76.32508833922262,283,0.4972737696861884
50,Chemistry 14C,own_words,65.55555555555556,90,w3,65.06024096385542,83,-0.4953145917001365
426,Chemistry 20A,unfamiliar,78.45303867403315,181,w10,78.94736842105263,171,0.49432974701947785
67,Chemistry 20A,asking_questions,67.72908366533864,251,w3,68.22033898305084,236,0.4912553177122021
633,Chemistry 14B,part_of_community,75.0,52,w10,74.50980392156863,51,-0.49019607843136725
354,Chemistry 14A,reflect,90.76305220883532,249,w10,91.25,240,0.4869477911646811
53,Chemistry 14C,understand_study_strats,80.0,90,w3,79.51807228915662,83,-0.4819277108433795
328,Chemistry 30B,understand_study_strats,90.66666666666666,225,w10,90.18691588785047,214,-0.47975077881618233
415,Chemistry 14D,seek_help,71.85185185185186,270,w10,71.37404580152672,262,-0.47780605032514245
321,Chemistry 30B,apply_math,81.77777777777779,225,w10,81.30841121495327,214,-0.4693665628245185
88,Chemistry 30AL,apply_math,87.5,56,w3,87.03703703703704,54,-0.4629629629629619
201,Chemistry 30AL,challenges_are_growth,87.5,56,w3,87.03703703703704,54,-0.4629629629629619
96,Chemistry 30AL,succeed,87.5,56,w3,87.03703703703704,54,-0.4629629629629619
91,Chemistry 30AL,at_least_c,87.5,56,w3,87.03703703703704,54,-0.4629629629629619
554,Chemistry 20A,peers_respect,69.26406926406926,231,w3,68.80733944954129,218,-0.456729814527975
161,Chemistry 14C,challenges_are_growth,86.11111111111111,72,w3,86.56716417910447,67,0.4560530679933521
8,Chemistry 14A,succeed,80.4635761589404,302,w3,80.91872791519434,283,0.4551517562539402
514,Chemistry 14BL,peers_respect,80.0,50,w3,79.54545454545455,44,-0.45454545454545325
377,Chemistry 14B,when_struggle_find_way,76.92307692307693,52,w10,76.47058823529412,51,-0.45248868778281803
368,Chemistry 14B,challenges_are_growth,76.92307692307693,52,w10,76.47058823529412,51,-0.45248868778281803
44,Chemistry 14C,apply_math,76.66666666666667,90,w3,77.10843373493977,83,0.4417670682730943
356,Chemistry 14A,unfamiliar,78.3132530120482,249,w10,78.75,240,0.4367469879518069
36,Chemistry 14BL,at_least_c,90.47619047619048,63,w3,90.9090909090909,55,0.4329004329004249
66,Chemistry 20A,apply_math,93.22709163346612,251,w3,92.79661016949152,236,-0.4304814639746013
414,Chemistry 14D,reflect,85.92592592592592,270,w10,85.49618320610686,262,-0.4297427198190604
251,Chemistry 14B,at_least_c,88.88888888888889,54,w10,88.46153846153845,52,-0.42735042735043294
100,Chemistry 30B,asking_questions,61.03286384976526,213,w3,60.60606060606061,198,-0.4268032437046543
556,Chemistry 20A,supported_department,77.48917748917748,231,w3,77.06422018348624,218,-0.4249573056912368
61,Chemistry 14D,own_words,75.0,248,w3,74.57627118644068,236,-0.4237288135593218
188,Chemistry 20A,seek_help,84.05172413793103,232,w3,84.47488584474885,219,0.4231617068178224
617,Chemistry 14A,work_in_groups,77.5,240,w10,77.92207792207793,231,0.42207792207793204
417,Chemistry 14D,when_struggle_find_way,86.29629629629629,270,w10,85.87786259541986,262,-0.4184337008764345
381,Chemistry 14BL,improve_skills,88.31615120274914,291,w10,88.73239436619718,284,0.41624316344804413
507,Chemistry 14B,work_in_groups,73.58490566037736,53,w3,74.0,50,0.415094339622641
260,Chemistry 14BL,at_least_c,90.6148867313916,309,w10,91.0299003322259,301,0.4150136008342997
374,Chemistry 14B,reflect,78.84615384615384,52,w10,78.43137254901961,51,-0.4147812971342262
481,Chemistry 14A,contributions_valued,69.23076923076923,286,w3,69.62962962962963,270,0.3988603988604069
97,Chemistry 30AL,understand_study_strats,89.28571428571429,56,w3,88.88888888888889,54,-0.3968253968254061
210,Chemistry 30AL,when_struggle_find_way,89.28571428571429,56,w3,88.88888888888889,54,-0.3968253968254061
677,Chemistry 14D,work_in_groups,73.77622377622379,286,w10,73.38129496402878,278,-0.39492881219500475
109,Chemistry 30B,workload,71.83098591549296,213,w3,72.22222222222221,198,0.3912363067292546
380,Chemistry 14BL,develop_intelligence,87.2852233676976,291,w10,87.67605633802818,284,0.3908329703305782
84,Chemistry 30A,study_habits,59.18367346938776,49,w3,59.57446808510638,47,0.39079461571861884
76,Chemistry 20A,workload,87.25099601593625,251,w3,86.86440677966102,236,-0.3865892362752277
232,Chemistry 14A,asking_questions,66.015625,256,w10,66.39676113360325,247,0.38113613360324905
629,Chemistry 14B,belong,80.76923076923077,52,w10,80.3921568627451,51,-0.37707390648567696
101,Chemistry 30B,at_least_b,84.97652582159625,213,w3,85.35353535353535,198,0.3770095319390947
58,Chemistry 14D,at_least_c,90.7258064516129,248,w3,91.10169491525424,236,0.37588846364134554
382,Chemistry 14BL,mistakes_are_learning,86.5979381443299,291,w10,86.97183098591549,284,0.37389284158558667
448,Chemistry 30B,challenges_are_growth,90.04524886877829,221,w10,89.67136150234741,213,-0.3738873664308784
574,Chemistry 30AL,peers_respect,90.56603773584906,53,w3,90.19607843137256,51,-0.3699593044765095
72,Chemistry 20A,own_words,80.87649402390437,251,w3,80.50847457627118,236,-0.3680194476331877
292,Chemistry 14D,understand_study_strats,89.937106918239,318,w10,89.57654723127035,307,-0.36055968696864227
218,Chemistry 30B,seek_help,80.93023255813954,215,w3,81.2807881773399,203,0.3505556192003638
285,Chemistry 14D,apply_math,81.13207547169812,318,w10,80.78175895765473,307,-0.35031651404338504
557,Chemistry 20A,work_in_groups,78.78787878787878,231,w3,78.44036697247707,218,-0.3475118154017167
172,Chemistry 14D,confident,88.11475409836066,244,w3,88.46153846153845,234,0.3467843631777896
324,Chemistry 30B,find_help,88.44444444444444,225,w10,88.78504672897196,214,0.3406022845275203
355,Chemistry 14A,seek_help,86.74698795180723,249,w10,87.08333333333333,240,0.33634538152610105
674,Chemistry 14D,peers_respect,75.87412587412588,286,w10,75.53956834532374,278,-0.3345575288021365
452,Chemistry 30B,mistakes_are_learning,96.38009049773756,221,w10,96.71361502347418,213,0.33352452573662106
205,Chemistry 30AL,mistakes_are_learning,91.07142857142856,56,w3,90.74074074074076,54,-0.3306878306877934
90,Chemistry 30AL,at_least_b,91.07142857142856,56,w3,90.74074074074076,54,-0.3306878306877934
610,Chemistry 14A,continuing,86.25,240,w10,86.58008658008657,231,0.3300865800865722
386,Chemistry 14BL,unfamiliar,58.07560137457045,291,w10,57.74647887323944,284,-0.32912250133100684
60,Chemistry 14D,manage_time,68.54838709677419,248,w3,68.22033898305084,236,-0.3280481137233551
214,Chemistry 30B,improve_skills,97.2093023255814,215,w3,97.53694581280789,203,0.3276434872264815
296,Chemistry 20A,at_least_c,92.65536723163842,177,w10,92.98245614035088,171,0.32708890871245444
421,Chemistry 20A,improve_skills,95.58011049723756,181,w10,95.906432748538,171,0.32632225130043935
199,Chemistry 30A,unfamiliar,61.53846153846154,52,w3,61.224489795918366,49,-0.31397174254317406
1,Chemistry 14A,asking_questions,57.284768211920536,302,w3,57.59717314487632,283,0.3124049329557863
455,Chemistry 30B,seek_help,83.2579185520362,221,w10,83.56807511737088,213,0.3101565653346796
178,Chemistry 14D,seek_help,82.78688524590164,244,w3,82.47863247863248,234,-0.30825276726916684
65,Chemistry 14D,workload,68.95161290322581,248,w3,68.64406779661016,236,-0.30754510661564893
504,Chemistry 14B,peers_respect,71.69811320754717,53,w3,72.0,50,0.3018867924528337
635,Chemistry 14B,study_buddy,84.61538461538461,52,w10,84.31372549019608,51,-0.3016591251885359
151,Chemistry 14BL,challenges_are_growth,81.25,48,w3,80.95238095238095,42,-0.297619047619051
263,Chemistry 14BL,own_words,73.46278317152104,309,w10,73.75415282392026,301,0.29136965239922574
176,Chemistry 14D,motivate,83.19672131147541,244,w3,82.90598290598291,234,-0.2907384054925046
684,Chemistry 20A,peers_respect,74.07407407407408,162,w10,74.35897435897436,156,0.2849002849002886
480,Chemistry 14A,continuing,92.3076923076923,286,w3,92.5925925925926,270,0.2849002849002886
668,Chemistry 14D,be_myself,77.97202797202797,286,w10,77.6978417266187,278,-0.2741862454092683
181,Chemistry 20A,challenges_are_growth,89.22413793103449,232,w3,89.49771689497716,219,0.27357896394266845
215,Chemistry 30B,mistakes_are_learning,96.27906976744184,215,w3,96.55172413793105,203,0.2726543704892066
410,Chemistry 14D,develop_intelligence,91.11111111111111,270,w10,90.83969465648856,262,-0.27141645462255326
174,Chemistry 14D,improve_skills,96.31147540983606,244,w3,96.58119658119658,234,0.26972117136051565
47,Chemistry 14C,at_least_c,88.88888888888889,90,w3,89.1566265060241,83,0.2677376171352108
647,Chemistry 14BL,work_in_groups,84.21052631578947,285,w10,84.47653429602889,277,0.2660079802394222
187,Chemistry 20A,reflect,80.17241379310344,232,w3,79.90867579908677,219,-0.2637379940166795
431,Chemistry 30A,improve_skills,95.0,20,w10,94.73684210526316,19,-0.2631578947368354
675,Chemistry 14D,study_buddy,78.67132867132867,286,w10,78.41726618705036,278,-0.25406248427830747
352,Chemistry 14A,mistakes_are_learning,95.58232931726909,249,w10,95.83333333333334,240,0.2510040160642575
167,Chemistry 14C,reflect,83.33333333333334,72,w3,83.5820895522388,67,0.24875621890545574
384,Chemistry 14BL,reflect,81.44329896907216,291,w10,81.69014084507043,284,0.24684187599827112
351,Chemistry 14A,improve_skills,95.18072289156626,249,w10,95.41666666666669,240,0.23594377510042364
186,Chemistry 20A,motivate,88.36206896551724,232,w3,88.12785388127854,219,-0.23421508423869852
615,Chemistry 14A,study_buddy,82.91666666666667,240,w10,82.68398268398268,231,-0.23268398268399437
57,Chemistry 14D,at_least_b,87.90322580645162,248,w3,88.13559322033898,236,0.23236741388735993
420,Chemistry 20A,develop_intelligence,93.92265193370166,181,w10,94.15204678362574,171,0.229394849924077
644,Chemistry 14BL,peers_respect,82.80701754385966,285,w10,83.03249097472924,277,0.2254734308695845
570,Chemistry 30AL,continuing,94.33962264150944,53,w3,94.11764705882352,51,-0.22197558268591422
177,Chemistry 14D,reflect,84.8360655737705,244,w3,84.61538461538461,234,-0.2206809583858842
55,Chemistry 14D,apply_math,79.03225806451613,248,w3,78.8135593220339,236,-0.21869874248223198
349,Chemistry 14A,confident,83.53413654618474,249,w10,83.75,240,0.21586345381525973
412,Chemistry 14D,mistakes_are_learning,92.96296296296296,270,w10,92.74809160305344,262,-0.2148713599095231
411,Chemistry 14D,improve_skills,92.96296296296296,270,w10,92.74809160305344,262,-0.2148713599095231
713,Chemistry 30B,part_of_community,80.38277511961722,209,w10,80.59701492537313,201,0.21423980575590917
216,Chemistry 30B,motivate,78.6046511627907,215,w3,78.81773399014779,203,0.21308282735708417
266,Chemistry 14BL,workload,66.99029126213593,309,w10,66.77740863787376,301,-0.2128826242621642
379,Chemistry 14BL,confident,62.88659793814433,291,w10,62.676056338028175,284,-0.21054160011615153
453,Chemistry 30B,motivate,81.90045248868778,221,w10,81.69014084507043,213,-0.2103116436173451
175,Chemistry 14D,mistakes_are_learning,95.08196721311477,244,w3,94.87179487179486,234,-0.21017234131990392
584,Chemistry 30B,peers_respect,74.4186046511628,215,w3,74.6268656716418,201,0.20826102047900008
710,Chemistry 30B,continuing,82.29665071770334,209,w10,82.08955223880598,201,-0.20709847889736466
35,Chemistry 14BL,at_least_b,88.88888888888889,63,w3,89.0909090909091,55,0.20202020202020776
552,Chemistry 20A,instructor_cares,95.67099567099568,231,w3,95.87155963302752,218,0.20056396203183624
204,Chemistry 30AL,improve_skills,94.64285714285714,56,w3,94.44444444444444,54,-0.19841269841269593
387,Chemistry 14BL,when_struggle_find_way,79.38144329896907,291,w10,79.5774647887324,284,0.196021489763325
286,Chemistry 14D,asking_questions,67.29559748427673,318,w10,67.10097719869707,307,-0.19462028557965994
173,Chemistry 14D,develop_intelligence,95.49180327868852,244,w3,95.2991452991453,234,-0.1926579795432275
301,Chemistry 20A,understand_study_strats,88.70056497175142,177,w10,88.88888888888889,171,0.18832391713746688
299,Chemistry 20A,own_words,88.70056497175142,177,w10,88.88888888888889,171,0.18832391713746688
715,Chemistry 30B,study_buddy,82.77511961722487,209,w10,82.58706467661692,201,-0.18805494060795525
450,Chemistry 30B,develop_intelligence,95.02262443438912,221,w10,94.83568075117373,213,-0.18694368321538946
180,Chemistry 14D,when_struggle_find_way,85.65573770491804,244,w3,85.47008547008546,234,-0.18565223483257398
63,Chemistry 14D,succeed,71.37096774193549,248,w3,71.1864406779661,236,-0.18452706396938368
608,Chemistry 14A,be_myself,84.16666666666667,240,w10,83.98268398268398,231,-0.18398268398269124
545,Chemistry 14D,study_buddy,75.84745762711864,236,w3,75.66371681415929,226,-0.18374081295935696
542,Chemistry 14D,instructor_cares,94.0677966101695,236,w3,94.24778761061948,226,0.17999100044998784
646,Chemistry 14BL,supported_department,68.77192982456141,285,w10,68.59205776173285,277,-0.17987206282856505
264,Chemistry 14BL,study_habits,69.25566343042071,309,w10,69.43521594684385,301,0.17955251642314352
262,Chemistry 14BL,manage_time,68.28478964401295,309,w10,68.10631229235881,301,-0.1784773516541378
104,Chemistry 30B,manage_time,69.01408450704226,213,w3,69.1919191919192,198,0.17783468487694165
40,Chemistry 14BL,study_habits,76.19047619047619,63,w3,76.36363636363637,55,0.17316017316018417
708,Chemistry 30B,be_myself,83.25358851674642,209,w10,83.08457711442786,201,-0.16901140231856004
290,Chemistry 14D,own_words,86.47798742138365,318,w10,86.64495114006515,307,0.16696371868150095
74,Chemistry 20A,succeed,89.2430278884462,251,w3,89.40677966101694,236,0.16375177257073403
108,Chemistry 30B,understand_study_strats,84.50704225352112,213,w3,84.34343434343434,198,-0.16360791008678177
238,Chemistry 14A,understand_study_strats,93.359375,256,w10,93.52226720647774,247,0.1628922064777356
641,Chemistry 14BL,contributions_valued,68.0701754385965,285,w10,68.23104693140795,277,0.1608714928114523
265,Chemistry 14BL,understand_study_strats,80.90614886731392,309,w10,81.06312292358804,301,0.15697405627412309
378,Chemistry 14BL,challenges_are_growth,77.66323024054984,291,w10,77.8169014084507,284,0.15367116790086754
370,Chemistry 14B,develop_intelligence,92.3076923076923,52,w10,92.15686274509804,51,-0.15082956259426794
372,Chemistry 14B,mistakes_are_learning,92.3076923076923,52,w10,92.15686274509804,51,-0.15082956259426794
297,Chemistry 20A,find_help,87.57062146892656,177,w10,87.71929824561403,171,0.14867677668746637
577,Chemistry 30AL,work_in_groups,96.22641509433964,53,w3,96.07843137254902,51,-0.1479837217906237
383,Chemistry 14BL,motivate,77.31958762886599,291,w10,77.46478873239437,284,0.1452011035283789
451,Chemistry 30B,improve_skills,96.38009049773756,221,w10,96.24413145539906,213,-0.13595904233849865
638,Chemistry 14BL,be_myself,79.64912280701755,285,w10,79.78339350180505,277,0.13427069478750298
538,Chemistry 14D,be_myself,77.11864406779661,236,w3,76.99115044247787,226,-0.12749362531873487
182,Chemistry 20A,confident,94.39655172413794,232,w3,94.52054794520548,219,0.12399622106754293
52,Chemistry 14C,succeed,70.0,90,w3,69.87951807228916,83,-0.12048192771084132
234,Chemistry 14A,find_help,92.1875,256,w10,92.3076923076923,247,0.1201923076923066
482,Chemistry 14A,instructor_cares,89.5104895104895,286,w3,89.62962962962962,270,0.11914011914011269
357,Chemistry 14A,when_struggle_find_way,91.96787148594376,249,w10,92.08333333333331,240,0.1154618473895539
348,Chemistry 14A,challenges_are_growth,91.96787148594376,249,w10,92.08333333333331,240,0.1154618473895539
300,Chemistry 20A,study_habits,80.22598870056498,177,w10,80.11695906432749,171,-0.10902963623749429
711,Chemistry 30B,contributions_valued,59.80861244019139,209,w10,59.70149253731343,201,-0.10711990287796169
48,Chemistry 14C,find_help,84.44444444444444,90,w3,84.33734939759037,83,-0.10709504685407012
669,Chemistry 14D,belong,78.67132867132867,286,w10,78.77697841726618,278,0.10564974593751231
261,Chemistry 14BL,find_help,78.96440129449837,309,w10,79.06976744186046,301,0.1053661473620906
550,Chemistry 20A,continuing,93.93939393939394,231,w3,94.03669724770644,218,0.09730330831250456
686,Chemistry 20A,supported_department,85.80246913580247,162,w10,85.8974358974359,156,0.09496676163342954
288,Chemistry 14D,find_help,79.24528301886792,318,w10,79.15309446254072,307,-0.09218855632720135
56,Chemistry 14D,asking_questions,60.08064516129033,248,w3,60.16949152542372,236,0.08884636413339564
220,Chemistry 30B,when_struggle_find_way,81.86046511627907,215,w3,81.77339901477832,203,-0.08706610150075278
673,Chemistry 14D,part_of_community,72.02797202797203,286,w10,71.94244604316546,278,-0.0855259848065657
258,Chemistry 14BL,apply_math,71.84466019417476,309,w10,71.76079734219269,301,-0.08386285198207588
239,Chemistry 14A,workload,80.078125,256,w10,80.16194331983806,247,0.0838183198380591
236,Chemistry 14A,own_words,91.015625,256,w10,91.09311740890688,247,0.07749240890687759
609,Chemistry 14A,belong,90.83333333333331,240,w10,90.9090909090909,231,0.07575757575759212
503,Chemistry 14B,part_of_community,67.9245283018868,53,w3,68.0,50,0.07547169811320487
371,Chemistry 14B,improve_skills,96.15384615384616,52,w10,96.07843137254902,51,-0.07541478129714108
683,Chemistry 20A,part_of_community,81.48148148148148,162,w10,81.41025641025641,156,-0.07122507122507216
680,Chemistry 20A,continuing,68.51851851851852,162,w10,68.58974358974359,156,0.07122507122507216
685,Chemistry 20A,study_buddy,85.18518518518519,162,w10,85.25641025641025,156,0.07122507122505795
616,Chemistry 14A,supported_department,87.08333333333333,240,w10,87.01298701298701,231,-0.07034632034631727
129,Chemistry 14A,unfamiliar,76.08695652173914,276,w3,76.15384615384615,260,0.06688963210700649
203,Chemistry 30AL,develop_intelligence,98.21428571428572,56,w3,98.14814814814817,54,-0.06613756613755584
70,Chemistry 20A,find_help,87.64940239043824,251,w3,87.71186440677965,236,0.06246201634141357
385,Chemistry 14BL,seek_help,73.8831615120275,291,w10,73.94366197183099,284,0.06050045980349239
539,Chemistry 14D,belong,81.35593220338984,236,w3,81.41592920353983,226,0.05999700014999121
612,Chemistry 14A,instructor_cares,90.41666666666669,240,w10,90.47619047619048,231,0.05952380952379599
712,Chemistry 30B,instructor_cares,88.99521531100478,209,w10,89.05472636815921,201,0.05951105715442395
33,Chemistry 14BL,apply_math,74.60317460317461,63,w3,74.54545454545455,55,-0.05772005772006139
9,Chemistry 14A,understand_study_strats,78.1456953642384,302,w3,78.09187279151944,283,-0.05382257271897117
645,Chemistry 14BL,study_buddy,76.84210526315789,285,w10,76.89530685920577,277,0.053201596047884436
524,Chemistry 14C,peers_respect,70.88607594936708,79,w3,70.83333333333334,72,-0.052742616033739864
184,Chemistry 20A,improve_skills,99.13793103448276,232,w3,99.08675799086758,219,-0.05117304361517938
302,Chemistry 20A,workload,84.7457627118644,177,w10,84.7953216374269,171,0.04955892556249353
643,Chemistry 14BL,part_of_community,73.33333333333333,285,w10,73.28519855595668,277,-0.04813477737664584
687,Chemistry 20A,work_in_groups,67.90123456790124,162,w10,67.94871794871796,156,0.04748338081671477
75,Chemistry 20A,understand_study_strats,79.2828685258964,251,w3,79.23728813559322,236,-0.04558039030318639
259,Chemistry 14BL,asking_questions,60.84142394822006,309,w10,60.79734219269103,301,-0.044081755529028044
78,Chemistry 30A,asking_questions,48.97959183673469,49,w3,48.93617021276596,47,-0.04342162396873306
106,Chemistry 30B,study_habits,72.76995305164318,213,w3,72.72727272727273,198,-0.04268032437045122
189,Chemistry 20A,unfamiliar,77.58620689655173,232,w3,77.6255707762557,219,0.03936387970396993
146,Chemistry 14B,motivate,67.3076923076923,52,w3,67.3469387755102,49,0.03924646781788965
148,Chemistry 14B,seek_help,67.3076923076923,52,w3,67.3469387755102,49,0.03924646781788965
219,Chemistry 30B,unfamiliar,66.04651162790698,215,w3,66.00985221674877,203,-0.0366594111582117
543,Chemistry 14D,part_of_community,79.23728813559322,236,w3,79.20353982300885,226,-0.033748312584364726
287,Chemistry 14D,at_least_c,91.8238993710692,318,w10,91.85667752442995,307,0.03277815336075207
672,Chemistry 14D,instructor_cares,88.46153846153845,286,w10,88.48920863309353,278,0.027670171555072898
217,Chemistry 30B,reflect,83.72093023255815,215,w3,83.74384236453201,203,0.0229121319738681
540,Chemistry 14D,continuing,80.50847457627118,236,w3,80.53097345132744,226,0.02249887505625736
169,Chemistry 14C,unfamiliar,59.72222222222222,72,w3,59.70149253731343,67,-0.0207296849087939
231,Chemistry 14A,apply_math,89.453125,256,w10,89.47368421052632,247,0.02055921052631504
105,Chemistry 30B,own_words,79.81220657276995,213,w3,79.7979797979798,198,-0.014226774790145669
548,Chemistry 20A,be_myself,84.84848484848484,231,w3,84.86238532110092,218,0.01390047261607208
642,Chemistry 14BL,instructor_cares,74.73684210526315,285,w10,74.72924187725631,277,-0.0076002280068365735
190,Chemistry 20A,when_struggle_find_way,92.24137931034484,232,w3,92.23744292237444,219,-0.003936387970398414
639,Chemistry 14BL,belong,75.08771929824562,285,w10,75.09025270758123,277,0.002533409335612191
600,Chemistry 30CL,continuing,93.75,16,w3,93.75,16,0.0
599,Chemistry 30CL,belong,87.5,16,w3,87.5,16,0.0
597,Chemistry 30BL,work_in_groups,100.0,1,w3,100.0,1,0.0
601,Chemistry 30CL,contributions_valued,93.75,16,w3,93.75,16,0.0
602,Chemistry 30CL,instructor_cares,100.0,16,w3,100.0,16,0.0
603,Chemistry 30CL,part_of_community,93.75,16,w3,93.75,16,0.0
604,Chemistry 30CL,peers_respect,87.5,16,w3,87.5,16,0.0
605,Chemistry 30CL,study_buddy,93.75,16,w3,93.75,16,0.0
320,Chemistry 30AL,workload,100.0,4,w10,100.0,4,0.0
267,Chemistry 14C,apply_math,66.66666666666666,3,w10,66.66666666666666,3,0.0
268,Chemistry 14C,asking_questions,100.0,3,w10,100.0,3,0.0
269,Chemistry 14C,at_least_c,100.0,3,w10,100.0,3,0.0
270,Chemistry 14C,find_help,100.0,3,w10,100.0,3,0.0
271,Chemistry 14C,manage_time,100.0,3,w10,100.0,3,0.0
607,Chemistry 30CL,work_in_groups,81.25,16,w3,81.25,16,0.0
272,Chemistry 14C,own_words,100.0,3,w10,100.0,3,0.0
273,Chemistry 14C,study_habits,100.0,3,w10,100.0,3,0.0
274,Chemistry 14C,understand_study_strats,100.0,3,w10,100.0,3,0.0
275,Chemistry 14C,workload,100.0,3,w10,100.0,3,0.0
276,Chemistry 14CL,apply_math,100.0,1,w10,100.0,1,0.0
277,Chemistry 14CL,asking_questions,100.0,1,w10,100.0,1,0.0
598,Chemistry 30CL,be_myself,87.5,16,w3,87.5,16,0.0
335,Chemistry 30BL,own_words,95.0,20,w10,95.0,20,0.0
336,Chemistry 30BL,study_habits,70.0,20,w10,70.0,20,0.0
337,Chemistry 30BL,understand_study_strats,95.0,20,w10,95.0,20,0.0
338,Chemistry 30BL,workload,65.0,20,w10,65.0,20,0.0
339,Chemistry 30CL,apply_math,71.42857142857143,7,w10,71.42857142857143,7,0.0
340,Chemistry 30CL,asking_questions,71.42857142857143,7,w10,71.42857142857143,7,0.0
334,Chemistry 30BL,manage_time,75.0,20,w10,75.0,20,0.0
341,Chemistry 30CL,at_least_c,100.0,7,w10,100.0,7,0.0
342,Chemistry 30CL,find_help,71.42857142857143,7,w10,71.42857142857143,7,0.0
343,Chemistry 30CL,manage_time,57.14285714285714,7,w10,57.14285714285714,7,0.0
333,Chemistry 30BL,find_help,85.0,20,w10,85.0,20,0.0
332,Chemistry 30BL,at_least_c,95.0,20,w10,95.0,20,0.0
112,Chemistry 30CL,at_least_b,100.0,20,w3,100.0,20,0.0
113,Chemistry 30CL,at_least_c,95.0,20,w3,95.0,20,0.0
114,Chemistry 30CL,find_help,95.0,20,w3,95.0,20,0.0
606,Chemistry 30CL,supported_department,68.75,16,w3,68.75,16,0.0
331,Chemistry 30BL,asking_questions,85.0,20,w10,85.0,20,0.0
116,Chemistry 30CL,own_words,90.0,20,w3,90.0,20,0.0
561,Chemistry 30A,contributions_valued,50.0,50,w3,50.0,48,0.0
588,Chemistry 30BL,be_myself,0.0,1,w3,0.0,1,0.0
589,Chemistry 30BL,belong,100.0,1,w3,100.0,1,0.0
330,Chemistry 30BL,apply_math,95.0,20,w10,95.0,20,0.0
279,Chemistry 14CL,find_help,0.0,1,w10,0.0,1,0.0
278,Chemistry 14CL,at_least_c,100.0,1,w10,100.0,1,0.0
590,Chemistry 30BL,continuing,100.0,1,w3,100.0,1,0.0
591,Chemistry 30BL,contributions_valued,0.0,1,w3,0.0,1,0.0
592,Chemistry 30BL,instructor_cares,100.0,1,w3,100.0,1,0.0
593,Chemistry 30BL,part_of_community,100.0,1,w3,100.0,1,0.0
594,Chemistry 30BL,peers_respect,0.0,1,w3,0.0,1,0.0
595,Chemistry 30BL,study_buddy,0.0,1,w3,0.0,1,0.0
596,Chemistry 30BL,supported_department,0.0,1,w3,0.0,1,0.0
115,Chemistry 30CL,manage_time,60.0,20,w3,60.0,20,0.0
662,Chemistry 14CL,instructor_cares,0.0,1,w10,0.0,1,0.0
663,Chemistry 14CL,part_of_community,0.0,1,w10,0.0,1,0.0
664,Chemistry 14CL,peers_respect,100.0,1,w10,100.0,1,0.0
665,Chemistry 14CL,study_buddy,0.0,1,w10,0.0,1,0.0
737,Chemistry 30C,work_in_groups,83.33333333333334,6,w10,83.33333333333334,6,0.0
730,Chemistry 30C,continuing,83.33333333333334,6,w10,83.33333333333334,6,0.0
731,Chemistry 30C,contributions_valued,83.33333333333334,6,w10,83.33333333333334,6,0.0
732,Chemistry 30C,instructor_cares,83.33333333333334,6,w10,83.33333333333334,6,0.0
733,Chemistry 30C,part_of_community,83.33333333333334,6,w10,83.33333333333334,6,0.0
734,Chemistry 30C,peers_respect,100.0,6,w10,100.0,6,0.0
735,Chemistry 30C,study_buddy,100.0,6,w10,100.0,6,0.0
131,Chemistry 14AE,challenges_are_growth,83.33333333333334,6,w3,83.33333333333334,6,0.0
132,Chemistry 14AE,confident,100.0,6,w3,100.0,6,0.0
12,Chemistry 14AE,asking_questions,63.63636363636363,11,w3,63.63636363636363,11,0.0
247,Chemistry 14AE,understand_study_strats,79.06976744186046,43,w10,79.06976744186046,43,0.0
623,Chemistry 14AE,part_of_community,78.37837837837837,37,w10,78.37837837837837,37,0.0
284,Chemistry 14CL,workload,100.0,1,w10,100.0,1,0.0
283,Chemistry 14CL,understand_study_strats,100.0,1,w10,100.0,1,0.0
282,Chemistry 14CL,study_habits,100.0,1,w10,100.0,1,0.0
281,Chemistry 14CL,own_words,100.0,1,w10,100.0,1,0.0
280,Chemistry 14CL,manage_time,100.0,1,w10,100.0,1,0.0
736,Chemistry 30C,supported_department,83.33333333333334,6,w10,83.33333333333334,6,0.0
719,Chemistry 30BL,belong,88.23529411764706,17,w10,88.23529411764706,17,0.0
248,Chemistry 14AE,workload,58.13953488372093,43,w10,58.13953488372093,43,0.0
30,Chemistry 14B,succeed,50.0,64,w3,50.0,58,0.0
21,Chemistry 14AE,workload,72.72727272727273,11,w3,72.72727272727273,11,0.0
678,Chemistry 20A,be_myself,83.33333333333334,162,w10,83.33333333333334,156,0.0
667,Chemistry 14CL,work_in_groups,100.0,1,w10,100.0,1,0.0
14,Chemistry 14AE,at_least_c,81.81818181818183,11,w3,81.81818181818183,11,0.0
15,Chemistry 14AE,find_help,90.9090909090909,11,w3,90.9090909090909,11,0.0
439,Chemistry 30AL,confident,66.66666666666666,3,w10,66.66666666666666,3,0.0
438,Chemistry 30AL,challenges_are_growth,66.66666666666666,3,w10,66.66666666666666,3,0.0
718,Chemistry 30BL,be_myself,94.11764705882352,17,w10,94.11764705882352,17,0.0
318,Chemistry 30AL,study_habits,100.0,4,w10,100.0,4,0.0
317,Chemistry 30AL,own_words,100.0,4,w10,100.0,4,0.0
316,Chemistry 30AL,manage_time,50.0,4,w10,50.0,4,0.0
315,Chemistry 30AL,find_help,75.0,4,w10,75.0,4,0.0
314,Chemistry 30AL,at_least_c,100.0,4,w10,100.0,4,0.0
313,Chemistry 30AL,asking_questions,100.0,4,w10,100.0,4,0.0
312,Chemistry 30AL,apply_math,75.0,4,w10,75.0,4,0.0
661,Chemistry 14CL,contributions_valued,0.0,1,w10,0.0,1,0.0
110,Chemistry 30CL,apply_math,80.0,20,w3,80.0,20,0.0
624,Chemistry 14AE,peers_respect,83.78378378378379,37,w10,83.78378378378379,37,0.0
140,Chemistry 14AE,when_struggle_find_way,83.33333333333334,6,w3,83.33333333333334,6,0.0
622,Chemistry 14AE,instructor_cares,91.8918918918919,37,w10,91.8918918918919,37,0.0
621,Chemistry 14AE,contributions_valued,72.97297297297297,37,w10,72.97297297297297,37,0.0
620,Chemistry 14AE,continuing,72.97297297297297,37,w10,72.97297297297297,37,0.0
619,Chemistry 14AE,belong,75.67567567567568,37,w10,75.67567567567568,37,0.0
618,Chemistry 14AE,be_myself,75.67567567567568,37,w10,75.67567567567568,37,0.0
111,Chemistry 30CL,asking_questions,70.0,20,w3,70.0,20,0.0
660,Chemistry 14CL,continuing,0.0,1,w10,0.0,1,0.0
659,Chemistry 14CL,belong,0.0,1,w10,0.0,1,0.0
658,Chemistry 14CL,be_myself,0.0,1,w10,0.0,1,0.0
657,Chemistry 14C,work_in_groups,100.0,1,w10,100.0,1,0.0
656,Chemistry 14C,supported_department,100.0,1,w10,100.0,1,0.0
655,Chemistry 14C,study_buddy,100.0,1,w10,100.0,1,0.0
654,Chemistry 14C,peers_respect,100.0,1,w10,100.0,1,0.0
319,Chemistry 30AL,understand_study_strats,100.0,4,w10,100.0,4,0.0
652,Chemistry 14C,instructor_cares,100.0,1,w10,100.0,1,0.0
651,Chemistry 14C,contributions_valued,100.0,1,w10,100.0,1,0.0
650,Chemistry 14C,continuing,100.0,1,w10,100.0,1,0.0
649,Chemistry 14C,belong,100.0,1,w10,100.0,1,0.0
648,Chemistry 14C,be_myself,100.0,1,w10,100.0,1,0.0
627,Chemistry 14AE,work_in_groups,97.2972972972973,37,w10,97.2972972972973,37,0.0
626,Chemistry 14AE,supported_department,70.27027027027027,37,w10,70.27027027027027,37,0.0
625,Chemistry 14AE,study_buddy,83.78378378378379,37,w10,83.78378378378379,37,0.0
653,Chemistry 14C,part_of_community,100.0,1,w10,100.0,1,0.0
473,Chemistry 30CL,motivate,71.42857142857143,7,w10,71.42857142857143,7,0.0
472,Chemistry 30CL,mistakes_are_learning,85.71428571428571,7,w10,85.71428571428571,7,0.0
471,Chemistry 30CL,improve_skills,85.71428571428571,7,w10,85.71428571428571,7,0.0
470,Chemistry 30CL,develop_intelligence,85.71428571428571,7,w10,85.71428571428571,7,0.0
469,Chemistry 30CL,confident,100.0,7,w10,100.0,7,0.0
468,Chemistry 30CL,challenges_are_growth,85.71428571428571,7,w10,85.71428571428571,7,0.0
467,Chemistry 30BL,when_struggle_find_way,94.44444444444444,18,w10,94.44444444444444,18,0.0
136,Chemistry 14AE,motivate,66.66666666666666,6,w3,66.66666666666666,6,0.0
465,Chemistry 30BL,seek_help,88.88888888888889,18,w10,88.88888888888889,18,0.0
464,Chemistry 30BL,reflect,77.77777777777779,18,w10,77.77777777777779,18,0.0
463,Chemistry 30BL,motivate,77.77777777777779,18,w10,77.77777777777779,18,0.0
462,Chemistry 30BL,mistakes_are_learning,88.88888888888889,18,w10,88.88888888888889,18,0.0
461,Chemistry 30BL,improve_skills,94.44444444444444,18,w10,94.44444444444444,18,0.0
460,Chemistry 30BL,develop_intelligence,94.44444444444444,18,w10,94.44444444444444,18,0.0
459,Chemistry 30BL,confident,66.66666666666666,18,w10,66.66666666666666,18,0.0
458,Chemistry 30BL,challenges_are_growth,88.88888888888889,18,w10,88.88888888888889,18,0.0
466,Chemistry 30BL,unfamiliar,77.77777777777779,18,w10,77.77777777777779,18,0.0
406,Chemistry 14CL,unfamiliar,100.0,1,w10,100.0,1,0.0
405,Chemistry 14CL,seek_help,100.0,1,w10,100.0,1,0.0
404,Chemistry 14CL,reflect,100.0,1,w10,100.0,1,0.0
403,Chemistry 14CL,motivate,0.0,1,w10,0.0,1,0.0
402,Chemistry 14CL,mistakes_are_learning,100.0,1,w10,100.0,1,0.0
401,Chemistry 14CL,improve_skills,100.0,1,w10,100.0,1,0.0
400,Chemistry 14CL,develop_intelligence,100.0,1,w10,100.0,1,0.0
474,Chemistry 30CL,reflect,57.14285714285714,7,w10,57.14285714285714,7,0.0
230,Chemistry 30CL,when_struggle_find_way,86.66666666666667,15,w3,86.66666666666667,15,0.0
229,Chemistry 30CL,unfamiliar,60.0,15,w3,60.0,15,0.0
228,Chemistry 30CL,seek_help,80.0,15,w3,80.0,15,0.0
227,Chemistry 30CL,reflect,80.0,15,w3,80.0,15,0.0
226,Chemistry 30CL,motivate,73.33333333333333,15,w3,73.33333333333333,15,0.0
477,Chemistry 30CL,when_struggle_find_way,100.0,7,w10,100.0,7,0.0
476,Chemistry 30CL,unfamiliar,57.14285714285714,7,w10,57.14285714285714,7,0.0
475,Chemistry 30CL,seek_help,57.14285714285714,7,w10,57.14285714285714,7,0.0
399,Chemistry 14CL,confident,100.0,1,w10,100.0,1,0.0
728,Chemistry 30C,be_myself,83.33333333333334,6,w10,83.33333333333334,6,0.0
727,Chemistry 30BL,work_in_groups,94.11764705882352,17,w10,94.11764705882352,17,0.0
726,Chemistry 30BL,supported_department,82.35294117647058,17,w10,82.35294117647058,17,0.0
720,Chemistry 30BL,continuing,94.11764705882352,17,w10,94.11764705882352,17,0.0
20,Chemistry 14AE,understand_study_strats,81.81818181818183,11,w3,81.81818181818183,11,0.0
725,Chemistry 30BL,study_buddy,82.35294117647058,17,w10,82.35294117647058,17,0.0
440,Chemistry 30AL,develop_intelligence,66.66666666666666,3,w10,66.66666666666666,3,0.0
447,Chemistry 30AL,when_struggle_find_way,100.0,3,w10,100.0,3,0.0
19,Chemistry 14AE,succeed,100.0,11,w3,100.0,11,0.0
18,Chemistry 14AE,study_habits,81.81818181818183,11,w3,81.81818181818183,11,0.0
17,Chemistry 14AE,own_words,54.54545454545454,11,w3,54.54545454545454,11,0.0
16,Chemistry 14AE,manage_time,81.81818181818183,11,w3,81.81818181818183,11,0.0
698,Chemistry 30AL,be_myself,66.66666666666666,3,w10,66.66666666666666,3,0.0
724,Chemistry 30BL,peers_respect,82.35294117647058,17,w10,82.35294117647058,17,0.0
723,Chemistry 30BL,part_of_community,94.11764705882352,17,w10,94.11764705882352,17,0.0
722,Chemistry 30BL,instructor_cares,94.11764705882352,17,w10,94.11764705882352,17,0.0
666,Chemistry 14CL,supported_department,0.0,1,w10,0.0,1,0.0
446,Chemistry 30AL,unfamiliar,33.33333333333333,3,w10,33.33333333333333,3,0.0
445,Chemistry 30AL,seek_help,66.66666666666666,3,w10,66.66666666666666,3,0.0
444,Chemistry 30AL,reflect,33.33333333333333,3,w10,33.33333333333333,3,0.0
443,Chemistry 30AL,motivate,66.66666666666666,3,w10,66.66666666666666,3,0.0
442,Chemistry 30AL,mistakes_are_learning,100.0,3,w10,100.0,3,0.0
441,Chemistry 30AL,improve_skills,100.0,3,w10,100.0,3,0.0
13,Chemistry 14AE,at_least_b,81.81818181818183,11,w3,81.81818181818183,11,0.0
11,Chemistry 14AE,apply_math,63.63636363636363,11,w3,63.63636363636363,11,0.0
729,Chemistry 30C,belong,83.33333333333334,6,w10,83.33333333333334,6,0.0
706,Chemistry 30AL,supported_department,66.66666666666666,3,w10,66.66666666666666,3,0.0
705,Chemistry 30AL,study_buddy,66.66666666666666,3,w10,66.66666666666666,3,0.0
704,Chemistry 30AL,peers_respect,66.66666666666666,3,w10,66.66666666666666,3,0.0
703,Chemistry 30AL,part_of_community,100.0,3,w10,100.0,3,0.0
702,Chemistry 30AL,instructor_cares,100.0,3,w10,100.0,3,0.0
701,Chemistry 30AL,contributions_valued,100.0,3,w10,100.0,3,0.0
700,Chemistry 30AL,continuing,100.0,3,w10,100.0,3,0.0
699,Chemistry 30AL,belong,100.0,3,w10,100.0,3,0.0
707,Chemistry 30AL,work_in_groups,66.66666666666666,3,w10,66.66666666666666,3,0.0
135,Chemistry 14AE,mistakes_are_learning,100.0,6,w3,100.0,6,0.0
134,Chemistry 14AE,improve_skills,83.33333333333334,6,w3,83.33333333333334,6,0.0
133,Chemistry 14AE,develop_intelligence,100.0,6,w3,100.0,6,0.0
537,Chemistry 14CL,work_in_groups,100.0,1,w3,100.0,1,0.0
536,Chemistry 14CL,supported_department,100.0,1,w3,100.0,1,0.0
535,Chemistry 14CL,study_buddy,100.0,1,w3,100.0,1,0.0
534,Chemistry 14CL,peers_respect,100.0,1,w3,100.0,1,0.0
407,Chemistry 14CL,when_struggle_find_way,100.0,1,w10,100.0,1,0.0
532,Chemistry 14CL,instructor_cares,100.0,1,w3,100.0,1,0.0
531,Chemistry 14CL,contributions_valued,100.0,1,w3,100.0,1,0.0
530,Chemistry 14CL,continuing,100.0,1,w3,100.0,1,0.0
529,Chemistry 14CL,belong,100.0,1,w3,100.0,1,0.0
528,Chemistry 14CL,be_myself,100.0,1,w3,100.0,1,0.0
225,Chemistry 30CL,mistakes_are_learning,93.33333333333331,15,w3,93.33333333333331,15,0.0
224,Chemistry 30CL,improve_skills,93.33333333333331,15,w3,93.33333333333331,15,0.0
223,Chemistry 30CL,develop_intelligence,86.66666666666667,15,w3,86.66666666666667,15,0.0
533,Chemistry 14CL,part_of_community,100.0,1,w3,100.0,1,0.0
139,Chemistry 14AE,unfamiliar,83.33333333333334,6,w3,83.33333333333334,6,0.0
138,Chemistry 14AE,seek_help,100.0,6,w3,100.0,6,0.0
137,Chemistry 14AE,reflect,100.0,6,w3,100.0,6,0.0
721,Chemistry 30BL,contributions_valued,76.47058823529412,17,w10,76.47058823529412,17,0.0
362,Chemistry 14AE,mistakes_are_learning,87.5,40,w10,87.5,40,0.0
361,Chemistry 14AE,improve_skills,92.5,40,w10,92.5,40,0.0
360,Chemistry 14AE,develop_intelligence,92.5,40,w10,92.5,40,0.0
117,Chemistry 30CL,study_habits,75.0,20,w3,75.0,20,0.0
358,Chemistry 14AE,challenges_are_growth,90.0,40,w10,90.0,40,0.0
347,Chemistry 30CL,workload,71.42857142857143,7,w10,71.42857142857143,7,0.0
346,Chemistry 30CL,understand_study_strats,71.42857142857143,7,w10,71.42857142857143,7,0.0
345,Chemistry 30CL,study_habits,57.14285714285714,7,w10,57.14285714285714,7,0.0
344,Chemistry 30CL,own_words,71.42857142857143,7,w10,71.42857142857143,7,0.0
120,Chemistry 30CL,workload,85.0,20,w3,85.0,20,0.0
119,Chemistry 30CL,understand_study_strats,90.0,20,w3,90.0,20,0.0
118,Chemistry 30CL,succeed,90.0,20,w3,90.0,20,0.0
359,Chemistry 14AE,confident,75.0,40,w10,75.0,40,0.0
496,Chemistry 14AE,supported_department,83.33333333333334,6,w3,83.33333333333334,6,0.0
495,Chemistry 14AE,study_buddy,100.0,6,w3,100.0,6,0.0
494,Chemistry 14AE,peers_respect,100.0,6,w3,100.0,6,0.0
493,Chemistry 14AE,part_of_community,66.66666666666666,6,w3,66.66666666666666,6,0.0
492,Chemistry 14AE,instructor_cares,100.0,6,w3,100.0,6,0.0
491,Chemistry 14AE,contributions_valued,83.33333333333334,6,w3,83.33333333333334,6,0.0
490,Chemistry 14AE,continuing,66.66666666666666,6,w3,66.66666666666666,6,0.0
367,Chemistry 14AE,when_struggle_find_way,82.5,40,w10,82.5,40,0.0
488,Chemistry 14AE,be_myself,83.33333333333334,6,w3,83.33333333333334,6,0.0
241,Chemistry 14AE,asking_questions,67.44186046511628,43,w10,67.44186046511628,43,0.0
240,Chemistry 14AE,apply_math,76.74418604651163,43,w10,76.74418604651163,43,0.0
246,Chemistry 14AE,study_habits,65.11627906976744,43,w10,65.11627906976744,43,0.0
245,Chemistry 14AE,own_words,79.06976744186046,43,w10,79.06976744186046,43,0.0
244,Chemistry 14AE,manage_time,51.16279069767442,43,w10,51.16279069767442,43,0.0
243,Chemistry 14AE,find_help,76.74418604651163,43,w10,76.74418604651163,43,0.0
242,Chemistry 14AE,at_least_c,93.02325581395348,43,w10,93.02325581395348,43,0.0
489,Chemistry 14AE,belong,100.0,6,w3,100.0,6,0.0
366,Chemistry 14AE,unfamiliar,57.49999999999999,40,w10,57.49999999999999,40,0.0
365,Chemistry 14AE,seek_help,80.0,40,w10,80.0,40,0.0
364,Chemistry 14AE,reflect,77.5,40,w10,77.5,40,0.0
363,Chemistry 14AE,motivate,67.5,40,w10,67.5,40,0.0
222,Chemistry 30CL,confident,80.0,15,w3,80.0,15,0.0
221,Chemistry 30CL,challenges_are_growth,86.66666666666667,15,w3,86.66666666666667,15,0.0
398,Chemistry 14CL,challenges_are_growth,100.0,1,w10,100.0,1,0.0
397,Chemistry 14C,when_struggle_find_way,100.0,1,w10,100.0,1,0.0
497,Chemistry 14AE,work_in_groups,100.0,6,w3,100.0,6,0.0
395,Chemistry 14C,seek_help,100.0,1,w10,100.0,1,0.0
394,Chemistry 14C,reflect,100.0,1,w10,100.0,1,0.0
393,Chemistry 14C,motivate,100.0,1,w10,100.0,1,0.0
392,Chemistry 14C,mistakes_are_learning,100.0,1,w10,100.0,1,0.0
391,Chemistry 14C,improve_skills,100.0,1,w10,100.0,1,0.0
390,Chemistry 14C,develop_intelligence,100.0,1,w10,100.0,1,0.0
389,Chemistry 14C,confident,100.0,1,w10,100.0,1,0.0
388,Chemistry 14C,challenges_are_growth,100.0,1,w10,100.0,1,0.0
396,Chemistry 14C,unfamiliar,100.0,1,w10,100.0,1,0.0
